"id","owner_type","owner_id","name","secret","provider","redirect_uris","grant_types","revoked","created_at","updated_at"
"019f8db4-9a1f-703b-ae08-c84f4161fa93","",,ek-core-auth,$2y$12$WgQO3T6S6cvbwz9QiguMfuIhRlxbVXSu/4jOlOyIt3i8H0BZnY7T2,"","[""http:\/\/localhost:18080\/auth\/callback""]","[""authorization_code"",""refresh_token""]",false,2026-07-23 09:40:51.000,2026-07-23 09:40:51.000
"019fa7b0-b56e-715d-ba9d-d9e4967ef5ef","",,ek-core,$2y$12$2rXueO9Xd65ieaQRPeqE1eF9Up0vvWkcUW1jfpHyJw9fG12scpFuC,"",[],"[""client_credentials""]",false,2026-07-28 10:46:43.000,2026-07-28 10:46:43.000
"019fd254-745b-73ec-a207-3d1f77458b4f","",,ek-approvals,$2y$12$mX44F0sfPOIgzo6XZcZ.SedyYA1iaoDDDtfrp/2fjsJwK28tNWNQi,"","[""http:\/\/localhost:18080\/auth\/callback""]","[""authorization_code"",""refresh_token""]",false,2026-08-05 17:29:38.000,2026-08-05 17:29:38.000
"01a060d9-1ecc-7101-9476-ca63eeef5031","",,ek-inventory,$2y$12$UJZgnCzpvtYinwq6g6Tc2.4mf730VQ4uVx8e2JTjtxGenGU87Mj0S,"","[""http:\/\/localhost:18080\/auth\/callback""]","[""authorization_code"",""refresh_token""]",false,2026-09-02 09:40:37.000,2026-09-02 09:40:37.000
"01a062b3-86cf-7008-836c-6da6fc8cb296","",,ek-logistics,$2y$12$6yUX1.Wlj./MFqi.LaO1iO.EEqAwYWKmTlzq59JXaW6o1V8oOz3L2,"","[""http:\/\/localhost:18080\/auth\/callback""]","[""authorization_code"",""refresh_token""]",false,2026-09-02 18:18:47.000,2026-09-02 18:18:47.000
"01a07c6f-36ce-715d-b578-36984102829f",,,ek-config,$2y$12$qsJoti.FK.cE33W8WPajz.9N9DxGOe5QLImHxumk84fwwogcWu59S,,"[""http:\/\/localhost:18080\/auth\/callback""]","[""authorization_code"",""refresh_token""]",false,2026-09-07 18:14:18.000,2026-09-07 18:14:18.000
"019f8db6-a65f-716b-8f02-2a03e965ab59","",,ek-itemmaster,$2y$12$4rcHsYLdOSzhuzg9nQirs.O2AqkvoCE7MZFHRjA0GGzKrfkSfDgNG,"","[""http:\/\/localhost:18080\/auth\/callback""]","[""authorization_code"",""refresh_token"",""urn:ietf:params:oauth:grant-type:device_code""]",false,2026-07-23 09:43:05.000,2026-07-23 09:43:05.000
"01a020f8-2558-70ba-9490-ddf0f3f4b10e","",,ek-trades,$2y$12$iBvgpsiLrxOh.p4imiTPr.h2HV5OD6jkTyvqPXx.wvLAF7T5Evz5q,"","[""http:\/\/localhost:18080\/auth\/callback""]","[""authorization_code"",""refresh_token""]",false,2026-08-20 23:58:48.000,2026-08-20 23:58:48.000
"01a07c88-1005-7084-8d6c-5d5aef55a8ac",,,ek-accounts,$2y$12$6c24Ol21IAiSm8ErOo0kPOd69tZ6fKEFlpC8loGJtwAzgzDt8CJa6,,"[""http:\/\/localhost:18080\/auth\/callback""]","[""authorization_code"",""refresh_token""]",false,2026-09-07 18:41:26.000,2026-09-07 18:41:26.000
